[[{"location":"/home/rodrigo/workspace/Java_Threads/VMSYS_client","type":"PROJECT","hints":{"PROJECT_NAME":"VMSYS_client"}},"ABSENT"],[{"location":"/home/rodrigo/workspace/Java_Threads/SyncThread","type":"PROJECT","hints":{"PROJECT_NAME":"SyncThread"}},"ABSENT"],[{"location":"/home/rodrigo/workspace/Java_Threads/NotThreadSafe","type":"PROJECT","hints":{"PROJECT_NAME":"NotThreadSafe"}},"ABSENT"],[{"location":"/home/rodrigo/workspace/Java_Threads/MultiThreadedServer","type":"PROJECT","hints":{"PROJECT_NAME":"MultiThreadedServer"}},"ABSENT"],[{"location":"/home/rodrigo/workspace/Java_Threads/SingleThreadedServer","type":"PROJECT","hints":{"PROJECT_NAME":"SingleThreadedServer"}},"ABSENT"],[{"location":"/usr/lib/jvm/java-8-oracle","type":"JRE","hints":{"EXECUTION_ENVIRONMENT":"JavaSE-1.8"}},"jre:jre:1.8.0"],[{"location":"/home/rodrigo/workspace/Java_Threads/MyThread","type":"PROJECT","hints":{"PROJECT_NAME":"MyThread"}},"ABSENT"]]